eps(SteadyStateMOCMA),hyp(SteadyStateMOCMA)
65.99219661184189,0.0
55.58648277124011,0.0

