eps(SteadyStateMOCMA),hyp(SteadyStateMOCMA)
159.53769455939008,0.0
190.54272695580502,0.0

