eps(SteadyStateMOCMA),hyp(SteadyStateMOCMA)
0.36289432207777866,0.3971307851651608

