eps(SteadyStateMOCMA),hyp(SteadyStateMOCMA)
337.51124536272226,0.0
319.5739134905848,0.0
243.47091349058476,0.0
337.62924536272226,0.0
292.3079134905848,0.0
301.2626566915807,0.0
305.1819134905848,0.0
308.26791349058476,0.0
315.1832453627223,0.0
310.8686566915807,0.0

